10-05-2025,what is my name,name
10-05-2025,what is my name,name
10-05-2025,what is my name,name11-05-2025,who is you?,
11-05-2025,what ?,
11-05-2025,hello,hello
11-05-2025,ha?,ha
11-05-2025,hello,hello
11-05-2025,thanks,thanks
11-05-2025,what is the personal e -mail of linas khashashna and where is its office site,personal e -mail linas khashashna office site
11-05-2025,how are you?,
11-05-2025,ined your ai model name,ined ai model name
11-05-2025,how are you?,
11-05-2025,keep you,keep
11-05-2025,give me the addict site,give addict site
11-05-2025,what is your name?,name
11-05-2025,do you have a name?,name
11-05-2025,news,news
11-05-2025,graduate students site,graduate student site
11-05-2025,give me academic tables,give academic table
11-05-2025,the schedule site,schedule site
11-05-2025,the schedule site,schedule site
11-05-2025,what the email of saba and her full profile,email saba full profile
11-05-2025,what the email of saba and her full profile,email saba full profile
11-05-2025,what the email of saba and her full profile,email saba full profile
11-05-2025,what the email of emad alsukni,email emad alguni
11-05-2025,inas khashashna email,inas khashashna email
11-05-2025,inas email,inas email
11-05-2025,inas email,inas email
11-05-2025,what is an email inas,email inas
11-05-2025,inas email,inas email
11-05-2025,email of medicine faculty,email medicine faculty
11-05-2025,what is an e -mail,e -mail
11-05-2025,khaashaneh email,khaashaneh email
11-05-2025,raafat email,raafat email
13-05-2025,what is the international university classification?,international university classification
13-05-2025,what is the international university rank?,international university rank
13-05-2025,how are you?,
13-05-2025,i love you,love
13-05-2025,i love you,love
22-05-2025,hi,hi
22-05-2025,what is your name?,name
